{"Unknown": 2690.6461861133575, "ian_malcolm": 164.3978304862976}